-- Active: 1744056660070@@127.0.0.1@5432@clinichub_care@master


INSERT INTO "core_country" ( "name", "code", "iso", "created_by", "created_time") VALUES
	( 'Afghanistan', '+93',   'AF', 'system', current_timestamp),
	( 'Albania', '+355',   'AL', 'system', current_timestamp),
	( 'Algeria', '+213',   'DZ', 'system', current_timestamp),
	( 'American Samoa', '+1-684',   'AS', 'system', current_timestamp),
	( 'Andorra, Principality of', '+376',   'AD', 'system', current_timestamp),
	( 'Angola', '+244',   'AO', 'system', current_timestamp),
	( 'Anguilla', '+1-264',   'AI', 'system', current_timestamp),
	( 'Antarctica', '+672',   'AQ', 'system', current_timestamp),
	( 'Antigua and Barbuda', '+1-268',   'AG', 'system', current_timestamp),
	( 'Argentina', '+54',   'AR', 'system', current_timestamp),
	( 'Armenia', '+374',   'AM', 'system', current_timestamp),
	( 'Aruba', '+297',   'AW', 'system', current_timestamp),
	( 'Australia', '+61',   'AU', 'system', current_timestamp),
	( 'Austria', '+43',   'AT', 'system', current_timestamp),
	( 'Azerbaijan or Azerbaidjan (Former Azerbaijan Soviet Socialist Republic)', '+994',   'AZ', 'system', current_timestamp),
	( 'Bahamas, Commonwealth of The', '+1-242',   'BS', 'system', current_timestamp),
	( 'Bahrain, Kingdom of (Former Dilmun)', '+973',   'BH', 'system', current_timestamp),
	( 'Haiti', '+509',   'HT', 'system', current_timestamp),
	( 'Bangladesh (Former East Pakistan)', '+880',   'BD', 'system', current_timestamp),
	( 'Barbados', '+1-246',   'BB', 'system', current_timestamp),
	( 'Belarus (Former Belorussian [Byelorussian] Soviet Socialist Republic)', '+375',   'BY', 'system', current_timestamp),
	( 'Belgium', '+32',   'BE', 'system', current_timestamp),
	( 'Belize (Former British Honduras)', '+501',   'BZ', 'system', current_timestamp),
	( 'Benin (Former Dahomey)', '+229',   'BJ', 'system', current_timestamp),
	( 'Bermuda', '+1-441',   'BM', 'system', current_timestamp),
	( 'Bhutan, Kingdom of', '+975',   'BT', 'system', current_timestamp),
	( 'Bolivia', '+591',   'BO', 'system', current_timestamp),
	( 'Bosnia and Herzegovina', '+387',   'BA', 'system', current_timestamp),
	( 'Botswana (Former Bechuanaland)', '+267',   'BW', 'system', current_timestamp),
	( 'Bouvet Island (Territory of Norway)', NULL,   'BV', 'system', current_timestamp),
	( 'Brazil', '+55',   'BR', 'system', current_timestamp),
	( 'British Indian Ocean Territory (BIOT)', NULL,   'IO', 'system', current_timestamp),
	( 'Brunei (Negara Brunei Darussalam)', '+673',   'BN', 'system', current_timestamp),
	( 'Bulgaria', '+359',   'BG', 'system', current_timestamp),
	( 'Burkina Faso (Former Upper Volta)', '+226',   'BF', 'system', current_timestamp),
	( 'Burundi (Former Urundi)', '+257',   'BI', 'system', current_timestamp),
	( 'Cambodia, Kingdom of (Former Khmer Republic, Kampuchea Republic)', '+855',   'KH', 'system', current_timestamp),
	( 'Cameroon (Former French Cameroon)', '+237',   'CM', 'system', current_timestamp),
	( 'Canada', '+1',   'CA', 'system', current_timestamp),
	( 'Cape Verde', '+238',   'CV', 'system', current_timestamp),
	( 'Cayman Islands', '+1-345',   'KY', 'system', current_timestamp),
	( 'Central African Republic', '+236',   'CF', 'system', current_timestamp),
	( 'Chad', '+235',   'TD', 'system', current_timestamp),
	( 'Chile', '+56',   'CL', 'system', current_timestamp),
	( 'China', '+86',   'CN', 'system', current_timestamp),
	( 'Christmas Island', '+53',   'CX', 'system', current_timestamp),
	( 'Cocos (Keeling) Islands', '+61',   'CC', 'system', current_timestamp),
	( 'Colombia', '+57',   'CO', 'system', current_timestamp),
	( 'Comoros, Union of the', '+269',   'KM', 'system', current_timestamp),
	( 'Congo, Democratic Republic of the (Former Zaire)', '+243',   'CD', 'system', current_timestamp),
	( 'Congo, Republic of the', '+242',   'CG', 'system', current_timestamp),
	( 'Cook Islands (Former Harvey Islands)', '+682',   'CK', 'system', current_timestamp),
	( 'Costa Rica', '+506',   'CR', 'system', current_timestamp),
	( 'Cote D''Ivoire (Former Ivory Coast)', '+225',   'CI', 'system', current_timestamp),
	( 'Croatia (Hrvatska)', '+385',   'HR', 'system', current_timestamp),
	( 'Cuba', '+53',   'CU', 'system', current_timestamp),
	( 'Cyprus', '+357',   'CY', 'system', current_timestamp),
	( 'Czech Republic', '+420',   'CZ', 'system', current_timestamp),
	( 'Czechoslavakia (Former) See CZ Czech Republic or Slovakia', NULL,   'CS', 'system', current_timestamp),
	( 'Denmark', '+45',   'DK', 'system', current_timestamp),
	( 'Djibouti (Former French Territory of the Afars and Issas, French Somaliland)', '+253',   'DJ', 'system', current_timestamp),
	( 'Dominica', '+1-767',   'DM', 'system', current_timestamp),
	( 'Dominican Republic', '+1-809 and +1-829',   'DO', 'system', current_timestamp),
	( 'East Timor (Former Portuguese Timor)', '+670',   'TP', 'system', current_timestamp),
	( 'Ecuador', '+593',   'EC', 'system', current_timestamp),
	(  'Spain', '+34',   'ES', 'system', current_timestamp),
	( 'Egypt (Former United Arab Republic - with Syria)', '+20',   'EG', 'system', current_timestamp),
	( 'El Salvador', '+503',   'SV', 'system', current_timestamp),
	( 'Equatorial Guinea (Former Spanish Guinea)', '+240',   'GQ', 'system', current_timestamp),
	( 'Eritrea (Former Eritrea Autonomous Region in Ethiopia)', '+291',   'ER', 'system', current_timestamp),
	( 'Estonia (Former Estonian Soviet Socialist Republic)', '+372',   'EE', 'system', current_timestamp),
	( 'Ethiopia (Former Abyssinia, Italian East Africa)', '+251',   'ET', 'system', current_timestamp),
	( 'Falkland Islands (Islas Malvinas)', '+500',   'FK', 'system', current_timestamp),
	( 'Faroe Islands', '+298',   'FO', 'system', current_timestamp),
	( 'Fiji', '+679',   'FJ', 'system', current_timestamp),
	( 'Finland', '+358',   'FI', 'system', current_timestamp),
	( 'France', '+33',   'FR', 'system', current_timestamp),
	( 'French Guiana or French Guyana', '+594',   'GF', 'system', current_timestamp),
	( 'French Polynesia (Former French Colony of Oceania)', '+689',   'PF', 'system', current_timestamp),
	( 'French Southern Territories and Antarctic Lands', NULL,   'TF', 'system', current_timestamp),
	( 'Gabon (Gabonese Republic)', '+241',   'GA', 'system', current_timestamp),
	( 'Gambia, The', '+220',   'GM', 'system', current_timestamp),
	( 'Georgia (Former Georgian Soviet Socialist Republic)', '+995',   'GE', 'system', current_timestamp),
	( 'Germany', '+49',   'DE', 'system', current_timestamp),
	( 'Ghana (Former Gold Coast)', '+233',   'GH', 'system', current_timestamp),
	( 'Gibraltar', '+350',   'GI', 'system', current_timestamp),
	( 'Great Britain (United Kingdom)', NULL,   'GB', 'system', current_timestamp),
	( 'Greece', '+30',   'GR', 'system', current_timestamp),
	( 'Greenland', '+299',   'GL', 'system', current_timestamp),
	( 'Grenada', '+1-473',   'GD', 'system', current_timestamp),
	( 'Guadeloupe', '+590',   'GP', 'system', current_timestamp),
	( 'Guam', '+1-671',   'GU', 'system', current_timestamp),
	( 'Guatemala', '+502',   'GT', 'system', current_timestamp),
	( 'Guinea (Former French Guinea)', '+224',   'GN', 'system', current_timestamp),
	( 'Guinea-Bissau (Former Portuguese Guinea)', '+245',   'GW', 'system', current_timestamp),
	( 'Guyana (Former British Guiana)', '+592',   'GY', 'system', current_timestamp),
	( 'Heard Island and McDonald Islands (Territory of Australia)', NULL,   'HM', 'system', current_timestamp),
	( 'Holy See (Vatican City State)', NULL,   'VA', 'system', current_timestamp),
	( 'Honduras', '+504',   'HN', 'system', current_timestamp),
	( 'Hong Kong', '+852',   'HK', 'system', current_timestamp),
	( 'Hungary', '+36',   'HU', 'system', current_timestamp),
	( 'Iceland', '+354',   'IS', 'system', current_timestamp),
	( 'India', '+91',   'IN', 'system', current_timestamp),
	( 'Indonesia (Former Netherlands East Indies; Dutch East Indies)', '+62',   'ID', 'system', current_timestamp),
	( 'Iran, Islamic Republic of', '+98',   'IR', 'system', current_timestamp),
	( 'Iraq', '+964',   'IQ', 'system', current_timestamp),
	( 'Ireland', '+353',   'IE', 'system', current_timestamp),
	( 'Israel', '+972',   'IL', 'system', current_timestamp),
	( 'Italy', '+39',   'IT', 'system', current_timestamp),
	( 'Jamaica', '+1-876',   'JM', 'system', current_timestamp),
	( 'Japan', '+81',   'JP', 'system', current_timestamp),
	( 'Jordan (Former Transjordan)', '+962',   'JO', 'system', current_timestamp),
	( 'Kazakstan or Kazakhstan (Former Kazakh Soviet Socialist Republic)', '+7',   'KZ', 'system', current_timestamp),
	( 'Kenya (Former British East Africa)', '+254',   'KE', 'system', current_timestamp),
	( 'Kiribati (Pronounced keer-ree-bahss) (Former Gilbert Islands)', '+686',   'KI', 'system', current_timestamp),
	( 'Korea, Democratic People''s Republic of (North Korea)', '+850',   'KP', 'system', current_timestamp),
	( 'Korea, Republic of (South Korea)', '+82',   'KR', 'system', current_timestamp),
	( 'Kuwait', '+965',   'KW', 'system', current_timestamp),
	( 'Kyrgyzstan (Kyrgyz Republic) (Former Kirghiz Soviet Socialist Republic)', '+996',   'KG', 'system', current_timestamp),
	( 'Lao People''s Democratic Republic (Laos)', '+856',   'LA', 'system', current_timestamp),
	( 'Latvia (Former Latvian Soviet Socialist Republic)', '+371',   'LV', 'system', current_timestamp),
	( 'Lebanon', '+961',   'LB', 'system', current_timestamp),
	( 'Lesotho (Former Basutoland)', '+266',   'LS', 'system', current_timestamp),
	( 'Liberia', '+231',   'LR', 'system', current_timestamp),
	( 'Libya (Libyan Arab Jamahiriya)', '+218',   'LY', 'system', current_timestamp),
	( 'Liechtenstein', '+423',   'LI', 'system', current_timestamp),
	( 'Lithuania (Former Lithuanian Soviet Socialist Republic)', '+370',   'LT', 'system', current_timestamp),
	( 'Luxembourg', '+352',   'LU', 'system', current_timestamp),
	( 'Macau', '+853',   'MO', 'system', current_timestamp),
	( 'Macedonia, The Former Yugoslav Republic of', '+389',   'MK', 'system', current_timestamp),
	( 'Madagascar (Former Malagasy Republic)', '+261',   'MG', 'system', current_timestamp),
	( 'Malawi (Former British Central African Protectorate, Nyasaland)', '+265',   'MW', 'system', current_timestamp),
	( 'Malaysia', '+60',   'MY', 'system', current_timestamp),
	( 'Maldives', '+960',   'MV', 'system', current_timestamp),
	( 'Mali (Former French Sudan and Sudanese Republic)', '+223',   'ML', 'system', current_timestamp),
	( 'Malta', '+356',   'MT', 'system', current_timestamp),
	( 'Marshall Islands (Former Marshall Islands District - Trust Territory of the Pacific Islands)', '+692',   'MH', 'system', current_timestamp),
	( 'Martinique (French)', '+596',   'MQ', 'system', current_timestamp),
	( 'Mauritania', '+222',   'MR', 'system', current_timestamp),
	( 'Mauritius', '+230',   'MU', 'system', current_timestamp),
	( 'Mayotte (Territorial Collectivity of Mayotte)', '+269',   'YT', 'system', current_timestamp),
	( 'Mexico', '+52',   'MX', 'system', current_timestamp),
	( 'Micronesia, Federated States of (Former Ponape, Truk, and Yap Districts - Trust Territory of the Pacific Islands)', '+691',   'FM', 'system', current_timestamp),
	( 'Moldova, Republic of', '+373',   'MD', 'system', current_timestamp),
	( 'Monaco, Principality of', '+377',   'MC', 'system', current_timestamp),
	( 'Mongolia (Former Outer Mongolia)', '+976',   'MN', 'system', current_timestamp),
	( 'Montserrat', '+1-664',   'MS', 'system', current_timestamp),
	( 'Morocco', '+212',   'MA', 'system', current_timestamp),
	( 'Mozambique (Former Portuguese East Africa)', '+258',   'MZ', 'system', current_timestamp),
	( 'Myanmar, Union of (Former Burma)', '+95',   'MM', 'system', current_timestamp),
	( 'Namibia (Former German Southwest Africa, South-West Africa)', '+264',   'NA', 'system', current_timestamp),
	( 'Nauru (Former Pleasant Island)', '+674',   'NR', 'system', current_timestamp),
	( 'Nepal', '+977',   'NP', 'system', current_timestamp),
	( 'Netherlands', '+31',   'NL', 'system', current_timestamp),
	( 'Netherlands Antilles (Former Curacao and Dependencies)', '+599',   'AN', 'system', current_timestamp),
	( 'New Caledonia', '+687',   'NC', 'system', current_timestamp),
	( 'New Zealand (Aotearoa)', '+64',   'NZ', 'system', current_timestamp),
	( 'Nicaragua', '+505',   'NI', 'system', current_timestamp),
	( 'Niger', '+227',   'NE', 'system', current_timestamp),
	( 'Nigeria', '+234',   'NG', 'system', current_timestamp),
	( 'Niue (Former Savage Island)', '+683',   'NU', 'system', current_timestamp),
	( 'Norfolk Island', '+672',   'NF', 'system', current_timestamp),
	( 'Northern Mariana Islands (Former Mariana Islands District - Trust Territory of the Pacific Islands)', '+1-670',   'MP', 'system', current_timestamp),
	( 'Norway', '+47',   'NO', 'system', current_timestamp),
	( 'Oman, Sultanate of (Former Muscat and Oman)', '+968',   'OM', 'system', current_timestamp),
	( 'Pakistan (Former West Pakistan)', '+92',   'PK', 'system', current_timestamp),
	( 'Palau (Former Palau District - Trust Terriroty of the Pacific Islands)', '+680',   'PW', 'system', current_timestamp),
	( 'Palestinian State (Proposed)', '+970',   'PS', 'system', current_timestamp),
	( 'Panama', '+507',   'PA', 'system', current_timestamp),
	( 'Papua New Guinea (Former Territory of Papua and New Guinea)', '+675',   'PG', 'system', current_timestamp),
	( 'Paraguay', '+595',   'PY', 'system', current_timestamp),
	( 'Peru', '+51',   'PE', 'system', current_timestamp),
	( 'Philippines', '+63',   'PH', 'system', current_timestamp),
	( 'Pitcairn Island', NULL,   'PN', 'system', current_timestamp),
	( 'Poland', '+48',   'PL', 'system', current_timestamp),
	( 'Portugal', '+351',   'PT', 'system', current_timestamp),
	( 'Puerto Rico', '+1-787 or +1-939',   'PR', 'system', current_timestamp),
	( 'Qatar, State of', '+974',   'QA', 'system', current_timestamp),
	( 'Reunion (French) (Former Bourbon Island)', '+262',   'RE', 'system', current_timestamp),
	( 'Romania', '+40',   'RO', 'system', current_timestamp),
	( 'Russia - USSR (Former Russian Empire, Union of Soviet Socialist Republics, Russian Soviet Federative Socialist Republic) Now RU - Russian Federation', NULL,   'SU', 'system', current_timestamp),
	( 'Russian Federation', '+7',   'RU', 'system', current_timestamp),
	( 'Rwanda (Rwandese Republic) (Former Ruanda)', '+250',   'RW', 'system', current_timestamp),
	( 'Saint Helena', '+290',   'SH', 'system', current_timestamp),
	( 'Saint Kitts and Nevis (Former Federation of Saint Christopher and Nevis)', '+1-869',   'KN', 'system', current_timestamp),
	( 'Saint Lucia', '+1-758',   'LC', 'system', current_timestamp),
	( 'Saint Pierre and Miquelon', '+508',   'PM', 'system', current_timestamp),
	( 'Saint Vincent and the Grenadines', '+1-784',   'VC', 'system', current_timestamp),
	( 'Samoa (Former Western Samoa)', '+685',   'WS', 'system', current_timestamp),
	( 'San Marino', '+378',   'SM', 'system', current_timestamp),
	( 'Sao Tome and Principe', '+239',   'ST', 'system', current_timestamp),
	( 'Saudi Arabia', '+966',   'SA', 'system', current_timestamp),
	( 'Serbia, Republic of', NULL,   'RS', 'system', current_timestamp),
	( 'Senegal', '+221',   'SN', 'system', current_timestamp),
	( 'Seychelles', '+248',   'SC', 'system', current_timestamp),
	( 'Sierra Leone', '+232',   'SL', 'system', current_timestamp),
	( 'Singapore', '+65',   'SG', 'system', current_timestamp),
	( 'Slovakia', '+421',   'SK', 'system', current_timestamp),
	( 'Slovenia', '+386',   'SI', 'system', current_timestamp),
	( 'Solomon Islands (Former British Solomon Islands)', '+677',   'SB', 'system', current_timestamp),
	( 'Somalia (Former Somali Republic, Somali Democratic Republic)', '+252',   'SO', 'system', current_timestamp),
	( 'South Africa (Former Union of South Africa)', '+27',   'ZA', 'system', current_timestamp),
	( 'South Georgia and the South Sandwich Islands', NULL,   'GS', 'system', current_timestamp),
	( 'Sri Lanka (Former Serendib, Ceylon)', '+94',   'LK', 'system', current_timestamp),
	( 'Sudan (Former Anglo-Egyptian Sudan)', '+249',   'SD', 'system', current_timestamp),
	( 'Suriname (Former Netherlands Guiana, Dutch Guiana)', '+597',   'SR', 'system', current_timestamp),
	( 'Svalbard (Spitzbergen) and Jan Mayen Islands', NULL,   'SJ', 'system', current_timestamp),
	( 'Swaziland, Kingdom of', '+268',   'SZ', 'system', current_timestamp),
	( 'Sweden', '+46',   'SE', 'system', current_timestamp),
	( 'Switzerland', '+41',   'CH', 'system', current_timestamp),
	( 'Syria (Syrian Arab Republic) (Former United Arab Republic - with Egypt)', '+963',   'SY', 'system', current_timestamp),
	( 'Taiwan (Former Formosa)', '+886',   'TW', 'system', current_timestamp),
	( 'Tajikistan (Former Tajik Soviet Socialist Republic)', '+992',   'TJ', 'system', current_timestamp),
	( 'Tanzania, United Republic of (Former United Republic of Tanganyika and Zanzibar)', '+255',   'TZ', 'system', current_timestamp),
	( 'Thailand (Former Siam)', '+66',   'TH', 'system', current_timestamp),
	( 'Togo (Former French Togoland)', NULL,   'TG', 'system', current_timestamp),
	( 'Tokelau', '+690',   'TK', 'system', current_timestamp),
	( 'Tonga, Kingdom of (Former Friendly Islands)', '+676',   'TO', 'system', current_timestamp),
	( 'Trinidad and Tobago', '+1-868',   'TT', 'system', current_timestamp),
	( 'Tromelin Island', NULL,   'TE', 'system', current_timestamp),
	( 'Tunisia', '+216',   'TN', 'system', current_timestamp),
	( 'Turkey', '+90',   'TR', 'system', current_timestamp),
	( 'Turkmenistan (Former Turkmen Soviet Socialist Republic)', '+993',   'TM', 'system', current_timestamp),
	( 'Turks and Caicos Islands', '+1-649',   'TC', 'system', current_timestamp),
	( 'Tuvalu (Former Ellice Islands)', '+688',   'TV', 'system', current_timestamp),
	( 'Uganda, Republic of', '+256',   'UG', 'system', current_timestamp),
	( 'Ukraine (Former Ukrainian National Republic, Ukrainian State, Ukrainian Soviet Socialist Republic)', '+380',   'UA', 'system', current_timestamp),
	( 'United Arab Emirates (UAE) (Former Trucial Oman, Trucial States)', '+971',   'AE', 'system', current_timestamp),
	( 'United Kingdom (Great Britain / UK)', '+44',   'GB', 'system', current_timestamp),
	( 'United States', '+1',   'US', 'system', current_timestamp),
	( 'United States Minor Outlying Islands', NULL,   'UM', 'system', current_timestamp),
	( 'Uruguay, Oriental Republic of (Former Banda Oriental, Cisplatine Province)', '+598',   'UY', 'system', current_timestamp),
	( 'Uzbekistan (Former UZbek Soviet Socialist Republic)', '+998',   'UZ', 'system', current_timestamp),
	( 'Vanuatu (Former New Hebrides)', '+678',   'VU', 'system', current_timestamp),
	( 'Vatican City State (Holy See)', '+418',   'VA', 'system', current_timestamp),
	( 'Venezuela', '+58',   'VE', 'system', current_timestamp),
	( 'Vietnam', '+84',   'VN', 'system', current_timestamp),
	( 'Virgin Islands, British', '+1-284',   'VI', 'system', current_timestamp),
	( 'Virgin Islands, United States (Former Danish West Indies)', '+1-340',   'VQ', 'system', current_timestamp),
	( 'Wallis and Futuna Islands', '+681',   'WF', 'system', current_timestamp),
	( 'Western Sahara (Former Spanish Sahara)', NULL,   'EH', 'system', current_timestamp),
	( 'Yemen', '+967',   'YE', 'system', current_timestamp),
	( 'Yugoslavia', NULL,   'YU', 'system', current_timestamp),
	( 'Zaire (Former Congo Free State, Belgian Congo, Congo/Leopoldville, Congo/Kinshasa, Zaire) Now CD - Congo, Democratic Republic of the', NULL,   'ZR', 'system', current_timestamp),
	( 'Zambia, Republic of (Former Northern Rhodesia)', '+260',   'ZM', 'system', current_timestamp),
	( 'Zimbabwe, Republic of (Former Southern Rhodesia, Rhodesia)', '+263',   'ZW', 'system', current_timestamp);

	
INSERT INTO "core_state" ("id",  "name","code","country_id", "created_by", "created_time" ) VALUES
(1, 'Andhra Pradesh','AP', 103,'system', current_timestamp),
(2, 'Arunachal Pradesh', 'AR', 103,'system', current_timestamp),
(3, 'Assam', 'AS', 103,'system', current_timestamp),
(4, 'Bihar', 'BR', 103,'system', current_timestamp),
(5, 'Gujarat', 'GJ', 103,'system', current_timestamp),
(6, 'Haryana', 'HR', 103,'system', current_timestamp),
(7, 'Himachal Pradesh', 'HP', 103,'system', current_timestamp),
(8, 'Jammu and Kashmir', 'JK', 103,'system', current_timestamp),
(9, 'Karnataka', 'KA', 103,'system', current_timestamp),
(10, 'Kerala', 'KL', 103,'system', current_timestamp),
(11, 'Madhya Pradesh', 'MP', 103,'system', current_timestamp),
(12, 'Maharashtra', 'MH', 103,'system', current_timestamp),
(13, 'Manipur', 'MN', 103,'system', current_timestamp),
(14, 'Meghalaya', 'ML', 103,'system', current_timestamp),
(15, 'Mizoram', 'MZ', 103,'system', current_timestamp),
(16, 'Nagaland', 'NL', 103,'system', current_timestamp),
(17, 'Odisha', 'OD', 103,'system', current_timestamp),
(18, 'Punjab', 'PB', 103,'system', current_timestamp),
(19, 'Rajasthan', 'RJ', 103,'system', current_timestamp),
(20, 'Sikkim', 'SK', 103,'system', current_timestamp),
(21, 'Tamil Nadu', 'TN', 103,'system', current_timestamp),
(22, 'Tripura', 'TR', 103,'system', current_timestamp),
(23, 'Uttar Pradesh', 'UP', 103,'system', current_timestamp),
(24, 'West Bengal', 'WB', 103,'system', current_timestamp),
(25, 'Delhi', 'DL', 103,'system', current_timestamp),
(26, 'Goa', 'GA', 103,'system', current_timestamp),
(27, 'Pondicherry', 'PY', 103,'system', current_timestamp),
(28, 'Lakshadweep', 'LD', 103,'system', current_timestamp),
(29, 'Daman and Diu', 'DD', 103,'system', current_timestamp),
(30, 'Dadra and Nagar Haveli', 'DH', 103,'system', current_timestamp),
(31, 'Chandigarh', 'CG', 103,'system', current_timestamp),
(32, 'Andaman and Nicobar', 'AN', 103,'system', current_timestamp),
(33, 'Uttaranchal', 'UK', 103,'system', current_timestamp),
(34, 'Jharkhand', 'JH', 103,'system', current_timestamp),
(35, 'Chhattisgarh', 'CG', 103,'system', current_timestamp);
	

INSERT INTO "core_district" ("id","name","state_id","created_by","created_time") VALUES
(1, 'North and Middle Andaman', 32,'system', current_timestamp),
(2, 'South Andaman', 32,'system', current_timestamp),
(3, 'Nicobar', 32,'system', current_timestamp),
(4, 'Adilabad', 1,'system', current_timestamp),
(5, 'Anantapur', 1,'system', current_timestamp),
(6, 'Chittoor', 1,'system', current_timestamp),
(7, 'East Godavari', 1,'system', current_timestamp),
(8, 'Guntur', 1,'system', current_timestamp),
(9, 'Hyderabad', 1,'system', current_timestamp),
(10, 'Kadapa', 1,'system', current_timestamp),
(11, 'Karimnagar', 1,'system', current_timestamp),
(12, 'Khammam', 1,'system', current_timestamp),
(13, 'Krishna', 1,'system', current_timestamp),
(14, 'Kurnool', 1,'system', current_timestamp),
(15, 'Mahbubnagar', 1,'system', current_timestamp),
(16, 'Medak', 1,'system', current_timestamp),
(17, 'Nalgonda', 1,'system', current_timestamp),
(18, 'Nellore', 1,'system', current_timestamp),
(19, 'Nizamabad', 1,'system', current_timestamp),
(20, 'Prakasam', 1,'system', current_timestamp),
(21, 'Rangareddi', 1,'system', current_timestamp),
(22, 'Srikakulam', 1,'system', current_timestamp),
(23, 'Vishakhapatnam', 1,'system', current_timestamp),
(24, 'Vizianagaram', 1,'system', current_timestamp),
(25, 'Warangal', 1,'system', current_timestamp),
(26, 'West Godavari', 1,'system', current_timestamp),
(27, 'Anjaw', 3,'system', current_timestamp),
(28, 'Changlang', 3,'system', current_timestamp),
(29, 'East Kameng', 3,'system', current_timestamp),
(30, 'Lohit', 3,'system', current_timestamp),
(31, 'Lower Subansiri', 3,'system', current_timestamp),
(32, 'Papum Pare', 3,'system', current_timestamp),
(33, 'Tirap', 3,'system', current_timestamp),
(34, 'Dibang Valley', 3,'system', current_timestamp),
(35, 'Upper Subansiri', 3,'system', current_timestamp),
(36, 'West Kameng', 3,'system', current_timestamp),
(37, 'Barpeta', 2,'system', current_timestamp),
(38, 'Bongaigaon', 2,'system', current_timestamp),
(39, 'Cachar', 2,'system', current_timestamp),
(40, 'Darrang', 2,'system', current_timestamp),
(41, 'Dhemaji', 2,'system', current_timestamp),
(42, 'Dhubri', 2,'system', current_timestamp),
(43, 'Dibrugarh', 2,'system', current_timestamp),
(44, 'Goalpara', 2,'system', current_timestamp),
(45, 'Golaghat', 2,'system', current_timestamp),
(46, 'Hailakandi', 2,'system', current_timestamp),
(47, 'Jorhat', 2,'system', current_timestamp),
(48, 'Karbi Anglong', 2,'system', current_timestamp),
(49, 'Karimganj', 2,'system', current_timestamp),
(50, 'Kokrajhar', 2,'system', current_timestamp),
(51, 'Lakhimpur', 2,'system', current_timestamp),
(52, 'Marigaon', 2,'system', current_timestamp),
(53, 'Nagaon', 2,'system', current_timestamp),
(54, 'Nalbari', 2,'system', current_timestamp),
(55, 'North Cachar Hills', 2,'system', current_timestamp),
(56, 'Sibsagar', 2,'system', current_timestamp),
(57, 'Sonitpur', 2,'system', current_timestamp),
(58, 'Tinsukia', 2,'system', current_timestamp),
(59, 'Araria', 4,'system', current_timestamp),
(60, 'Aurangabad', 4,'system', current_timestamp),
(61, 'Banka', 4,'system', current_timestamp),
(62, 'Begusarai', 4,'system', current_timestamp),
(63, 'Bhagalpur', 4,'system', current_timestamp),
(64, 'Bhojpur', 4,'system', current_timestamp),
(65, 'Buxar', 4,'system', current_timestamp),
(66, 'Darbhanga', 4,'system', current_timestamp),
(67, 'Purba Champaran', 4,'system', current_timestamp),
(68, 'Gaya', 4,'system', current_timestamp),
(69, 'Gopalganj', 4,'system', current_timestamp),
(70, 'Jamui', 4,'system', current_timestamp),
(71, 'Jehanabad', 4,'system', current_timestamp),
(72, 'Khagaria', 4,'system', current_timestamp),
(73, 'Kishanganj', 4,'system', current_timestamp),
(74, 'Kaimur', 4,'system', current_timestamp),
(75, 'Katihar', 4,'system', current_timestamp),
(76, 'Lakhisarai', 4,'system', current_timestamp),
(77, 'Madhubani', 4,'system', current_timestamp),
(78, 'Munger', 4,'system', current_timestamp),
(79, 'Madhepura', 4,'system', current_timestamp),
(80, 'Muzaffarpur', 4,'system', current_timestamp),
(81, 'Nalanda', 4,'system', current_timestamp),
(82, 'Nawada', 4,'system', current_timestamp),
(83, 'Patna', 4,'system', current_timestamp),
(84, 'Purnia', 4,'system', current_timestamp),
(85, 'Rohtas', 4,'system', current_timestamp),
(86, 'Saharsa', 4,'system', current_timestamp),
(87, 'Samastipur', 4,'system', current_timestamp),
(88, 'Sheohar', 4,'system', current_timestamp),
(89, 'Sheikhpura', 4,'system', current_timestamp),
(90, 'Saran', 4,'system', current_timestamp),
(91, 'Sitamarhi', 4,'system', current_timestamp),
(92, 'Supaul', 4,'system', current_timestamp),
(93, 'Siwan', 4,'system', current_timestamp),
(94, 'Vaishali', 4,'system', current_timestamp),
(95, 'Pashchim Champaran', 4,'system', current_timestamp),
(96, 'Bastar', 24,'system', current_timestamp),
(97, 'Billaspur', 24,'system', current_timestamp),
(98, 'Dantewada', 24,'system', current_timestamp),
(99, 'Dhamtari', 24,'system', current_timestamp),
(100, 'Durg', 24,'system', current_timestamp),
(101, 'Jashpur', 24,'system', current_timestamp),
(102, 'Janjgir-Champa', 24,'system', current_timestamp),
(103, 'Korba', 24,'system', current_timestamp),
(104, 'Koriya', 24,'system', current_timestamp),
(105, 'Kanker', 24,'system', current_timestamp),
(106, 'Kawardha', 24,'system', current_timestamp),
(107, 'Mahasamund', 24,'system', current_timestamp),
(108, 'Raigarh', 24,'system', current_timestamp),
(109, 'Rajnandgaon', 24,'system', current_timestamp),
(110, 'Raipur', 24,'system', current_timestamp),
(111, 'Surguja', 24,'system', current_timestamp),
(112, 'Diu', 29,'system', current_timestamp),
(113, 'Daman', 29,'system', current_timestamp),
(114, 'Central Delhi', 25,'system', current_timestamp),
(115, 'East Delhi', 25,'system', current_timestamp),
(116, 'New Delhi', 25,'system', current_timestamp),
(117, 'North Delhi', 25,'system', current_timestamp),
(118, 'North East Delhi', 25,'system', current_timestamp),
(119, 'North West Delhi', 25,'system', current_timestamp),
(120, 'South Delhi', 25,'system', current_timestamp),
(121, 'South West Delhi', 25,'system', current_timestamp),
(122, 'West Delhi', 25,'system', current_timestamp),
(123, 'North Goa', 26,'system', current_timestamp),
(124, 'South Goa', 26,'system', current_timestamp),
(125, 'Ahmedabad', 5,'system', current_timestamp),
(126, 'Amreli District', 5,'system', current_timestamp),
(127, 'Anand', 5,'system', current_timestamp),
(128, 'Banaskantha', 5,'system', current_timestamp),
(129, 'Bharuch', 5,'system', current_timestamp),
(130, 'Bhavnagar', 5,'system', current_timestamp),
(131, 'Dahod', 5,'system', current_timestamp),
(132, 'The Dangs', 5,'system', current_timestamp),
(133, 'Gandhinagar', 5,'system', current_timestamp),
(134, 'Jamnagar', 5,'system', current_timestamp),
(135, 'Junagadh', 5,'system', current_timestamp),
(136, 'Kutch', 5,'system', current_timestamp),
(137, 'Kheda', 5,'system', current_timestamp),
(138, 'Mehsana', 5,'system', current_timestamp),
(139, 'Narmada', 5,'system', current_timestamp),
(140, 'Navsari', 5,'system', current_timestamp),
(141, 'Patan', 5,'system', current_timestamp),
(142, 'Panchmahal', 5,'system', current_timestamp),
(143, 'Porbandar', 5,'system', current_timestamp),
(144, 'Rajkot', 5,'system', current_timestamp),
(145, 'Sabarkantha', 5,'system', current_timestamp),
(146, 'Surendranagar', 5,'system', current_timestamp),
(147, 'Surat', 5,'system', current_timestamp),
(148, 'Vadodara', 5,'system', current_timestamp),
(149, 'Valsad', 5,'system', current_timestamp),
(150, 'Ambala', 6,'system', current_timestamp),
(151, 'Bhiwani', 6,'system', current_timestamp),
(152, 'Faridabad', 6,'system', current_timestamp),
(153, 'Fatehabad', 6,'system', current_timestamp),
(154, 'Gurgaon', 6,'system', current_timestamp),
(155, 'Hissar', 6,'system', current_timestamp),
(156, 'Jhajjar', 6,'system', current_timestamp),
(157, 'Jind', 6,'system', current_timestamp),
(158, 'Karnal', 6,'system', current_timestamp),
(159, 'Kaithal', 6,'system', current_timestamp),
(160, 'Kurukshetra', 6,'system', current_timestamp),
(161, 'Mahendragarh', 6,'system', current_timestamp),
(162, 'Mewat', 6,'system', current_timestamp),
(163, 'Panchkula', 6,'system', current_timestamp),
(164, 'Panipat', 6,'system', current_timestamp),
(165, 'Rewari', 6,'system', current_timestamp),
(166, 'Rohtak', 6,'system', current_timestamp),
(167, 'Sirsa', 6,'system', current_timestamp),
(168, 'Sonepat', 6,'system', current_timestamp),
(169, 'Yamuna Nagar', 6,'system', current_timestamp),
(170, 'Palwal', 6,'system', current_timestamp),
(171, 'Bilaspur', 7,'system', current_timestamp),
(172, 'Chamba', 7,'system', current_timestamp),
(173, 'Hamirpur', 7,'system', current_timestamp),
(174, 'Kangra', 7,'system', current_timestamp),
(175, 'Kinnaur', 7,'system', current_timestamp),
(176, 'Kulu', 7,'system', current_timestamp),
(177, 'Lahaul and Spiti', 7,'system', current_timestamp),
(178, 'Mandi', 7,'system', current_timestamp),
(179, 'Shimla', 7,'system', current_timestamp),
(180, 'Sirmaur', 7,'system', current_timestamp),
(181, 'Solan', 7,'system', current_timestamp),
(182, 'Una', 7,'system', current_timestamp),
(183, 'Anantnag', 8,'system', current_timestamp),
(184, 'Badgam', 8,'system', current_timestamp),
(185, 'Bandipore', 8,'system', current_timestamp),
(186, 'Baramula', 8,'system', current_timestamp),
(187, 'Doda', 8,'system', current_timestamp),
(188, 'Jammu', 8,'system', current_timestamp),
(189, 'Kargil', 8,'system', current_timestamp),
(190, 'Kathua', 8,'system', current_timestamp),
(191, 'Kupwara', 8,'system', current_timestamp),
(192, 'Leh', 8,'system', current_timestamp),
(193, 'Poonch', 8,'system', current_timestamp),
(194, 'Pulwama', 8,'system', current_timestamp),
(195, 'Rajauri', 8,'system', current_timestamp),
(196, 'Srinagar', 8,'system', current_timestamp),
(197, 'Samba', 8,'system', current_timestamp),
(198, 'Udhampur', 8,'system', current_timestamp),
(199, 'Bokaro', 34,'system', current_timestamp),
(200, 'Chatra', 34,'system', current_timestamp),
(201, 'Deoghar', 34,'system', current_timestamp),
(202, 'Dhanbad', 34,'system', current_timestamp),
(203, 'Dumka', 34,'system', current_timestamp),
(204, 'Purba Singhbhum', 34,'system', current_timestamp),
(205, 'Garhwa', 34,'system', current_timestamp),
(206, 'Giridih', 34,'system', current_timestamp),
(207, 'Godda', 34,'system', current_timestamp),
(208, 'Gumla', 34,'system', current_timestamp),
(209, 'Hazaribagh', 34,'system', current_timestamp),
(210, 'Koderma', 34,'system', current_timestamp),
(211, 'Lohardaga', 34,'system', current_timestamp),
(212, 'Pakur', 34,'system', current_timestamp),
(213, 'Palamu', 34,'system', current_timestamp),
(214, 'Ranchi', 34,'system', current_timestamp),
(215, 'Sahibganj', 34,'system', current_timestamp),
(216, 'Seraikela and Kharsawan', 34,'system', current_timestamp),
(217, 'Pashchim Singhbhum', 34,'system', current_timestamp),
(218, 'Ramgarh', 34,'system', current_timestamp),
(219, 'Bidar', 9,'system', current_timestamp),
(220, 'Belgaum', 9,'system', current_timestamp),
(221, 'Bijapur', 9,'system', current_timestamp),
(222, 'Bagalkot', 9,'system', current_timestamp),
(223, 'Bellary', 9,'system', current_timestamp),
(224, 'Bangalore Rural District', 9,'system', current_timestamp),
(225, 'Bangalore Urban District', 9,'system', current_timestamp),
(226, 'Chamarajnagar', 9,'system', current_timestamp),
(227, 'Chikmagalur', 9,'system', current_timestamp),
(228, 'Chitradurga', 9,'system', current_timestamp),
(229, 'Davanagere', 9,'system', current_timestamp),
(230, 'Dharwad', 9,'system', current_timestamp),
(231, 'Dakshina Kannada', 9,'system', current_timestamp),
(232, 'Gadag', 9,'system', current_timestamp),
(233, 'Gulbarga', 9,'system', current_timestamp),
(234, 'Hassan', 9,'system', current_timestamp),
(235, 'Haveri District', 9,'system', current_timestamp),
(236, 'Kodagu', 9,'system', current_timestamp),
(237, 'Kolar', 9,'system', current_timestamp),
(238, 'Koppal', 9,'system', current_timestamp),
(239, 'Mandya', 9,'system', current_timestamp),
(240, 'Mysore', 9,'system', current_timestamp),
(241, 'Raichur', 9,'system', current_timestamp),
(242, 'Shimoga', 9,'system', current_timestamp),
(243, 'Tumkur', 9,'system', current_timestamp),
(244, 'Udupi', 9,'system', current_timestamp),
(245, 'Uttara Kannada', 9,'system', current_timestamp),
(246, 'Ramanagara', 9,'system', current_timestamp),
(247, 'Chikballapur', 9,'system', current_timestamp),
(248, 'Yadagiri', 9,'system', current_timestamp),
(249, 'Alappuzha', 10,'system', current_timestamp),
(250, 'Ernakulam', 10,'system', current_timestamp),
(251, 'Idukki', 10,'system', current_timestamp),
(252, 'Kollam', 10,'system', current_timestamp),
(253, 'Kannur', 10,'system', current_timestamp),
(254, 'Kasaragod', 10,'system', current_timestamp),
(255, 'Kottayam', 10,'system', current_timestamp),
(256, 'Kozhikode', 10,'system', current_timestamp),
(257, 'Malappuram', 10,'system', current_timestamp),
(258, 'Palakkad', 10,'system', current_timestamp),
(259, 'Pathanamthitta', 10,'system', current_timestamp),
(260, 'Thrissur', 10,'system', current_timestamp),
(261, 'Thiruvananthapuram', 10,'system', current_timestamp),
(262, 'Wayanad', 10,'system', current_timestamp),
(263, 'Alirajpur', 11,'system', current_timestamp),
(264, 'Anuppur', 11,'system', current_timestamp),
(265, 'Ashok Nagar', 11,'system', current_timestamp),
(266, 'Balaghat', 11,'system', current_timestamp),
(267, 'Barwani', 11,'system', current_timestamp),
(268, 'Betul', 11,'system', current_timestamp),
(269, 'Bhind', 11,'system', current_timestamp),
(270, 'Bhopal', 11,'system', current_timestamp),
(271, 'Burhanpur', 11,'system', current_timestamp),
(272, 'Chhatarpur', 11,'system', current_timestamp),
(273, 'Chhindwara', 11,'system', current_timestamp),
(274, 'Damoh', 11,'system', current_timestamp),
(275, 'Datia', 11,'system', current_timestamp),
(276, 'Dewas', 11,'system', current_timestamp),
(277, 'Dhar', 11,'system', current_timestamp),
(278, 'Dindori', 11,'system', current_timestamp),
(279, 'Guna', 11,'system', current_timestamp),
(280, 'Gwalior', 11,'system', current_timestamp),
(281, 'Harda', 11,'system', current_timestamp),
(282, 'Hoshangabad', 11,'system', current_timestamp),
(283, 'Indore', 11,'system', current_timestamp),
(284, 'Jabalpur', 11,'system', current_timestamp),
(285, 'Jhabua', 11,'system', current_timestamp),
(286, 'Katni', 11,'system', current_timestamp),
(287, 'Khandwa', 11,'system', current_timestamp),
(288, 'Khargone', 11,'system', current_timestamp),
(289, 'Mandla', 11,'system', current_timestamp),
(290, 'Mandsaur', 11,'system', current_timestamp),
(291, 'Morena', 11,'system', current_timestamp),
(292, 'Narsinghpur', 11,'system', current_timestamp),
(293, 'Neemuch', 11,'system', current_timestamp),
(294, 'Panna', 11,'system', current_timestamp),
(295, 'Rewa', 11,'system', current_timestamp),
(296, 'Rajgarh', 11,'system', current_timestamp),
(297, 'Ratlam', 11,'system', current_timestamp),
(298, 'Raisen', 11,'system', current_timestamp),
(299, 'Sagar', 11,'system', current_timestamp),
(300, 'Satna', 11,'system', current_timestamp),
(301, 'Sehore', 11,'system', current_timestamp),
(302, 'Seoni', 11,'system', current_timestamp),
(303, 'Shahdol', 11,'system', current_timestamp),
(304, 'Shajapur', 11,'system', current_timestamp),
(305, 'Sheopur', 11,'system', current_timestamp),
(306, 'Shivpuri', 11,'system', current_timestamp),
(307, 'Sidhi', 11,'system', current_timestamp),
(308, 'Singrauli', 11,'system', current_timestamp),
(309, 'Tikamgarh', 11,'system', current_timestamp),
(310, 'Ujjain', 11,'system', current_timestamp),
(311, 'Umaria', 11,'system', current_timestamp),
(312, 'Vidisha', 11,'system', current_timestamp),
(313, 'Ahmednagar', 12,'system', current_timestamp),
(314, 'Akola', 12,'system', current_timestamp),
(315, 'Amrawati', 12,'system', current_timestamp),
(316, 'Aurangabad', 12,'system', current_timestamp),
(317, 'Bhandara', 12,'system', current_timestamp),
(318, 'Beed', 12,'system', current_timestamp),
(319, 'Buldhana', 12,'system', current_timestamp),
(320, 'Chandrapur', 12,'system', current_timestamp),
(321, 'Dhule', 12,'system', current_timestamp),
(322, 'Gadchiroli', 12,'system', current_timestamp),
(323, 'Gondiya', 12,'system', current_timestamp),
(324, 'Hingoli', 12,'system', current_timestamp),
(325, 'Jalgaon', 12,'system', current_timestamp),
(326, 'Jalna', 12,'system', current_timestamp),
(327, 'Kolhapur', 12,'system', current_timestamp),
(328, 'Latur', 12,'system', current_timestamp),
(329, 'Mumbai City', 12,'system', current_timestamp),
(330, 'Mumbai suburban', 12,'system', current_timestamp),
(331, 'Nandurbar', 12,'system', current_timestamp),
(332, 'Nanded', 12,'system', current_timestamp),
(333, 'Nagpur', 12,'system', current_timestamp),
(334, 'Nashik', 12,'system', current_timestamp),
(335, 'Osmanabad', 12,'system', current_timestamp),
(336, 'Parbhani', 12,'system', current_timestamp),
(337, 'Pune', 12,'system', current_timestamp),
(338, 'Raigad', 12,'system', current_timestamp),
(339, 'Ratnagiri', 12,'system', current_timestamp),
(340, 'Sindhudurg', 12,'system', current_timestamp),
(341, 'Sangli', 12,'system', current_timestamp),
(342, 'Solapur', 12,'system', current_timestamp),
(343, 'Satara', 12,'system', current_timestamp),
(344, 'Thane', 12,'system', current_timestamp),
(345, 'Wardha', 12,'system', current_timestamp),
(346, 'Washim', 12,'system', current_timestamp),
(347, 'Yavatmal', 12,'system', current_timestamp),
(348, 'Bishnupur', 13,'system', current_timestamp),
(349, 'Churachandpur', 13,'system', current_timestamp),
(350, 'Chandel', 13,'system', current_timestamp),
(351, 'Imphal East', 13,'system', current_timestamp),
(352, 'Senapati', 13,'system', current_timestamp),
(353, 'Tamenglong', 13,'system', current_timestamp),
(354, 'Thoubal', 13,'system', current_timestamp),
(355, 'Ukhrul', 13,'system', current_timestamp),
(356, 'Imphal West', 13,'system', current_timestamp),
(357, 'East Garo Hills', 14,'system', current_timestamp),
(358, 'East Khasi Hills', 14,'system', current_timestamp),
(359, 'Jaintia Hills', 14,'system', current_timestamp),
(360, 'Ri-Bhoi', 14,'system', current_timestamp),
(361, 'South Garo Hills', 14,'system', current_timestamp),
(362, 'West Garo Hills', 14,'system', current_timestamp),
(363, 'West Khasi Hills', 14,'system', current_timestamp),
(364, 'Aizawl', 15,'system', current_timestamp),
(365, 'Champhai', 15,'system', current_timestamp),
(366, 'Kolasib', 15,'system', current_timestamp),
(367, 'Lawngtlai', 15,'system', current_timestamp),
(368, 'Lunglei', 15,'system', current_timestamp),
(369, 'Mamit', 15,'system', current_timestamp),
(370, 'Saiha', 15,'system', current_timestamp),
(371, 'Serchhip', 15,'system', current_timestamp),
(372, 'Dimapur', 16,'system', current_timestamp),
(373, 'Kohima', 16,'system', current_timestamp),
(374, 'Mokokchung', 16,'system', current_timestamp),
(375, 'Mon', 16,'system', current_timestamp),
(376, 'Phek', 16,'system', current_timestamp),
(377, 'Tuensang', 16,'system', current_timestamp),
(378, 'Wokha', 16,'system', current_timestamp),
(379, 'Zunheboto', 16,'system', current_timestamp),
(380, 'Angul', 17,'system', current_timestamp),
(381, 'Boudh', 17,'system', current_timestamp),
(382, 'Bhadrak', 17,'system', current_timestamp),
(383, 'Bolangir', 17,'system', current_timestamp),
(384, 'Bargarh', 17,'system', current_timestamp),
(385, 'Baleswar', 17,'system', current_timestamp),
(386, 'Cuttack', 17,'system', current_timestamp),
(387, 'Debagarh', 17,'system', current_timestamp),
(388, 'Dhenkanal', 17,'system', current_timestamp),
(389, 'Ganjam', 17,'system', current_timestamp),
(390, 'Gajapati', 17,'system', current_timestamp),
(391, 'Jharsuguda', 17,'system', current_timestamp),
(392, 'Jajapur', 17,'system', current_timestamp),
(393, 'Jagatsinghpur', 17,'system', current_timestamp),
(394, 'Khordha', 17,'system', current_timestamp),
(395, 'Kendujhar', 17,'system', current_timestamp),
(396, 'Kalahandi', 17,'system', current_timestamp),
(397, 'Kandhamal', 17,'system', current_timestamp),
(398, 'Koraput', 17,'system', current_timestamp),
(399, 'Kendrapara', 17,'system', current_timestamp),
(400, 'Malkangiri', 17,'system', current_timestamp),
(401, 'Mayurbhanj', 17,'system', current_timestamp),
(402, 'Nabarangpur', 17,'system', current_timestamp),
(403, 'Nuapada', 17,'system', current_timestamp),
(404, 'Nayagarh', 17,'system', current_timestamp),
(405, 'Puri', 17,'system', current_timestamp),
(406, 'Rayagada', 17,'system', current_timestamp),
(407, 'Sambalpur', 17,'system', current_timestamp),
(408, 'Subarnapur', 17,'system', current_timestamp),
(409, 'Sundargarh', 17,'system', current_timestamp),
(410, 'Karaikal', 27,'system', current_timestamp),
(411, 'Mahe', 27,'system', current_timestamp),
(412, 'Puducherry', 27,'system', current_timestamp),
(413, 'Yanam', 27,'system', current_timestamp),
(414, 'Amritsar', 18,'system', current_timestamp),
(415, 'Bathinda', 18,'system', current_timestamp),
(416, 'Firozpur', 18,'system', current_timestamp),
(417, 'Faridkot', 18,'system', current_timestamp),
(418, 'Fatehgarh Sahib', 18,'system', current_timestamp),
(419, 'Gurdaspur', 18,'system', current_timestamp),
(420, 'Hoshiarpur', 18,'system', current_timestamp),
(421, 'Jalandhar', 18,'system', current_timestamp),
(422, 'Kapurthala', 18,'system', current_timestamp),
(423, 'Ludhiana', 18,'system', current_timestamp),
(424, 'Mansa', 18,'system', current_timestamp),
(425, 'Moga', 18,'system', current_timestamp),
(426, 'Mukatsar', 18,'system', current_timestamp),
(427, 'Nawan Shehar', 18,'system', current_timestamp),
(428, 'Patiala', 18,'system', current_timestamp),
(429, 'Rupnagar', 18,'system', current_timestamp),
(430, 'Sangrur', 18,'system', current_timestamp),
(431, 'Ajmer', 19,'system', current_timestamp),
(432, 'Alwar', 19,'system', current_timestamp),
(433, 'Bikaner', 19,'system', current_timestamp),
(434, 'Barmer', 19,'system', current_timestamp),
(435, 'Banswara', 19,'system', current_timestamp),
(436, 'Bharatpur', 19,'system', current_timestamp),
(437, 'Baran', 19,'system', current_timestamp),
(438, 'Bundi', 19,'system', current_timestamp),
(439, 'Bhilwara', 19,'system', current_timestamp),
(440, 'Churu', 19,'system', current_timestamp),
(441, 'Chittorgarh', 19,'system', current_timestamp),
(442, 'Dausa', 19,'system', current_timestamp),
(443, 'Dholpur', 19,'system', current_timestamp),
(444, 'Dungapur', 19,'system', current_timestamp),
(445, 'Ganganagar', 19,'system', current_timestamp),
(446, 'Hanumangarh', 19,'system', current_timestamp),
(447, 'Juhnjhunun', 19,'system', current_timestamp),
(448, 'Jalore', 19,'system', current_timestamp),
(449, 'Jodhpur', 19,'system', current_timestamp),
(450, 'Jaipur', 19,'system', current_timestamp),
(451, 'Jaisalmer', 19,'system', current_timestamp),
(452, 'Jhalawar', 19,'system', current_timestamp),
(453, 'Karauli', 19,'system', current_timestamp),
(454, 'Kota', 19,'system', current_timestamp),
(455, 'Nagaur', 19,'system', current_timestamp),
(456, 'Pali', 19,'system', current_timestamp),
(457, 'Pratapgarh', 19,'system', current_timestamp),
(458, 'Rajsamand', 19,'system', current_timestamp),
(459, 'Sikar', 19,'system', current_timestamp),
(460, 'Sawai Madhopur', 19,'system', current_timestamp),
(461, 'Sirohi', 19,'system', current_timestamp),
(462, 'Tonk', 19,'system', current_timestamp),
(463, 'Udaipur', 19,'system', current_timestamp),
(464, 'East Sikkim', 20,'system', current_timestamp),
(465, 'North Sikkim', 20,'system', current_timestamp),
(466, 'South Sikkim', 20,'system', current_timestamp),
(467, 'West Sikkim', 20,'system', current_timestamp),
(468, 'Ariyalur', 21,'system', current_timestamp),
(469, 'Chennai', 21,'system', current_timestamp),
(470, 'Coimbatore', 21,'system', current_timestamp),
(471, 'Cuddalore', 21,'system', current_timestamp),
(472, 'Dharmapuri', 21,'system', current_timestamp),
(473, 'Dindigul', 21,'system', current_timestamp),
(474, 'Erode', 21,'system', current_timestamp),
(475, 'Kanchipuram', 21,'system', current_timestamp),
(476, 'Kanyakumari', 21,'system', current_timestamp),
(477, 'Karur', 21,'system', current_timestamp),
(478, 'Madurai', 21,'system', current_timestamp),
(479, 'Nagapattinam', 21,'system', current_timestamp),
(480, 'The Nilgiris', 21,'system', current_timestamp),
(481, 'Namakkal', 21,'system', current_timestamp),
(482, 'Perambalur', 21,'system', current_timestamp),
(483, 'Pudukkottai', 21,'system', current_timestamp),
(484, 'Ramanathapuram', 21,'system', current_timestamp),
(485, 'Salem', 21,'system', current_timestamp),
(486, 'Sivagangai', 21,'system', current_timestamp),
(487, 'Tiruppur', 21,'system', current_timestamp),
(488, 'Tiruchirappalli', 21,'system', current_timestamp),
(489, 'Theni', 21,'system', current_timestamp),
(490, 'Tirunelveli', 21,'system', current_timestamp),
(491, 'Thanjavur', 21,'system', current_timestamp),
(492, 'Thoothukudi', 21,'system', current_timestamp),
(493, 'Thiruvallur', 21,'system', current_timestamp),
(494, 'Thiruvarur', 21,'system', current_timestamp),
(495, 'Tiruvannamalai', 21,'system', current_timestamp),
(496, 'Vellore', 21,'system', current_timestamp),
(497, 'Villupuram', 21,'system', current_timestamp),
(498, 'Dhalai', 22,'system', current_timestamp),
(499, 'North Tripura', 22,'system', current_timestamp),
(500, 'South Tripura', 22,'system', current_timestamp),
(501, 'West Tripura', 22,'system', current_timestamp),
(502, 'Almora', 33,'system', current_timestamp),
(503, 'Bageshwar', 33,'system', current_timestamp),
(504, 'Chamoli', 33,'system', current_timestamp),
(505, 'Champawat', 33,'system', current_timestamp),
(506, 'Dehradun', 33,'system', current_timestamp),
(507, 'Haridwar', 33,'system', current_timestamp),
(508, 'Nainital', 33,'system', current_timestamp),
(509, 'Pauri Garhwal', 33,'system', current_timestamp),
(510, 'Pithoragharh', 33,'system', current_timestamp),
(511, 'Rudraprayag', 33,'system', current_timestamp),
(512, 'Tehri Garhwal', 33,'system', current_timestamp),
(513, 'Udham Singh Nagar', 33,'system', current_timestamp),
(514, 'Uttarkashi', 33,'system', current_timestamp),
(515, 'Agra', 23,'system', current_timestamp),
(516, 'Allahabad', 23,'system', current_timestamp),
(517, 'Aligarh', 23,'system', current_timestamp),
(518, 'Ambedkar Nagar', 23,'system', current_timestamp),
(519, 'Auraiya', 23,'system', current_timestamp),
(520, 'Azamgarh', 23,'system', current_timestamp),
(521, 'Barabanki', 23,'system', current_timestamp),
(522, 'Badaun', 23,'system', current_timestamp),
(523, 'Bagpat', 23,'system', current_timestamp),
(524, 'Bahraich', 23,'system', current_timestamp),
(525, 'Bijnor', 23,'system', current_timestamp),
(526, 'Ballia', 23,'system', current_timestamp),
(527, 'Banda', 23,'system', current_timestamp),
(528, 'Balrampur', 23,'system', current_timestamp),
(529, 'Bareilly', 23,'system', current_timestamp),
(530, 'Basti', 23,'system', current_timestamp),
(531, 'Bulandshahr', 23,'system', current_timestamp),
(532, 'Chandauli', 23,'system', current_timestamp),
(533, 'Chitrakoot', 23,'system', current_timestamp),
(534, 'Deoria', 23,'system', current_timestamp),
(535, 'Etah', 23,'system', current_timestamp),
(536, 'Kanshiram Nagar', 23,'system', current_timestamp),
(537, 'Etawah', 23,'system', current_timestamp),
(538, 'Firozabad', 23,'system', current_timestamp),
(539, 'Farrukhabad', 23,'system', current_timestamp),
(540, 'Fatehpur', 23,'system', current_timestamp),
(541, 'Faizabad', 23,'system', current_timestamp),
(542, 'Gautam Buddha Nagar', 23,'system', current_timestamp),
(543, 'Gonda', 23,'system', current_timestamp),
(544, 'Ghazipur', 23,'system', current_timestamp),
(545, 'Gorkakhpur', 23,'system', current_timestamp),
(546, 'Ghaziabad', 23,'system', current_timestamp),
(547, 'Hamirpur', 23,'system', current_timestamp),
(548, 'Hardoi', 23,'system', current_timestamp),
(549, 'Mahamaya Nagar', 23,'system', current_timestamp),
(550, 'Jhansi', 23,'system', current_timestamp),
(551, 'Jalaun', 23,'system', current_timestamp),
(552, 'Jyotiba Phule Nagar', 23,'system', current_timestamp),
(553, 'Jaunpur District', 23,'system', current_timestamp),
(554, 'Kanpur Dehat', 23,'system', current_timestamp),
(555, 'Kannauj', 23,'system', current_timestamp),
(556, 'Kanpur Nagar', 23,'system', current_timestamp),
(557, 'Kaushambi', 23,'system', current_timestamp),
(558, 'Kushinagar', 23,'system', current_timestamp),
(559, 'Lalitpur', 23,'system', current_timestamp),
(560, 'Lakhimpur Kheri', 23,'system', current_timestamp),
(561, 'Lucknow', 23,'system', current_timestamp),
(562, 'Mau', 23,'system', current_timestamp),
(563, 'Meerut', 23,'system', current_timestamp),
(564, 'Maharajganj', 23,'system', current_timestamp),
(565, 'Mahoba', 23,'system', current_timestamp),
(566, 'Mirzapur', 23,'system', current_timestamp),
(567, 'Moradabad', 23,'system', current_timestamp),
(568, 'Mainpuri', 23,'system', current_timestamp),
(569, 'Mathura', 23,'system', current_timestamp),
(570, 'Muzaffarnagar', 23,'system', current_timestamp),
(571, 'Pilibhit', 23,'system', current_timestamp),
(572, 'Pratapgarh', 23,'system', current_timestamp),
(573, 'Rampur', 23,'system', current_timestamp),
(574, 'Rae Bareli', 23,'system', current_timestamp),
(575, 'Saharanpur', 23,'system', current_timestamp),
(576, 'Sitapur', 23,'system', current_timestamp),
(577, 'Shahjahanpur', 23,'system', current_timestamp),
(578, 'Sant Kabir Nagar', 23,'system', current_timestamp),
(579, 'Siddharthnagar', 23,'system', current_timestamp),
(580, 'Sonbhadra', 23,'system', current_timestamp),
(581, 'Sant Ravidas Nagar', 23,'system', current_timestamp),
(582, 'Sultanpur', 23,'system', current_timestamp),
(583, 'Shravasti', 23,'system', current_timestamp),
(584, 'Unnao', 23,'system', current_timestamp),
(585, 'Varanasi', 23,'system', current_timestamp),
(586, 'Birbhum', 24,'system', current_timestamp),
(587, 'Bankura', 24,'system', current_timestamp),
(588, 'Bardhaman', 24,'system', current_timestamp),
(589, 'Darjeeling', 24,'system', current_timestamp),
(590, 'Dakshin Dinajpur', 24,'system', current_timestamp),
(591, 'Hooghly', 24,'system', current_timestamp),
(592, 'Howrah', 24,'system', current_timestamp),
(593, 'Jalpaiguri', 24,'system', current_timestamp),
(594, 'Cooch Behar', 24,'system', current_timestamp),
(595, 'Kolkata', 24,'system', current_timestamp),
(596, 'Malda', 24,'system', current_timestamp),
(597, 'Midnapore', 24,'system', current_timestamp),
(598, 'Murshidabad', 24,'system', current_timestamp),
(599, 'Nadia', 24,'system', current_timestamp),
(600, 'North 24 Parganas', 24,'system', current_timestamp),
(601, 'South 24 Parganas', 24,'system', current_timestamp),
(602, 'Purulia', 24,'system', current_timestamp),
(603, 'Uttar Dinajpur', 24,'system', CURRENT_TIMESTAMP);